api.data.gov,2017-01-17T17:04:48Z,False
omniauth-myusa,2016-03-18T00:47:58Z,False
PriceHistoryAPI,2014-07-30T18:59:20Z,False
MorrisDataDecorator,2014-07-30T19:23:58Z,False
fbopen,2015-11-16T20:33:42Z,False
fbopen-widget,2014-07-30T19:15:34Z,False
xavier,2015-06-29T16:55:47Z,False
PriceHistoryGUI,2014-07-30T19:11:06Z,False
PriceHistoryAuth,2014-07-30T19:13:15Z,False
MicroP3ApiUser,2014-07-30T19:20:04Z,False
pif-interest,2014-07-30T22:03:17Z,False
API-Usability-Testing,2017-02-16T04:17:48Z,False
pif-app,2014-07-30T19:10:12Z,False
ifgovthenthat,2015-10-25T14:41:38Z,False
18f.gsa.gov,2017-02-17T16:27:25Z,False
18f.github.io,2015-05-21T15:19:54Z,False
brutus,2015-08-17T22:11:04Z,False
Mario,2015-07-21T17:42:05Z,False
afsmallbiz,2014-07-30T19:24:57Z,False
Infrastructure,2017-01-31T04:56:54Z,True
API-All-the-X,2017-02-16T03:57:19Z,False
api-standards,2016-03-31T18:26:24Z,False
PIF-logo-v2,2014-03-18T01:00:26Z,False
sbhub,2014-12-11T12:49:03Z,False
blog-drafts,2016-11-16T18:26:44Z,True
gsa-advantage-scrape,2014-10-29T16:03:14Z,False
scrapebox,2014-07-30T19:18:49Z,False
C2,2017-02-03T18:55:53Z,False
RandomizeBasedOnZipcodeFromIPAddress,2014-07-30T19:16:05Z,False
afsbirez,2015-10-08T20:44:32Z,False
beckley,2016-01-29T22:48:51Z,False
open-source-program,2017-02-13T14:54:22Z,False
PriceHistoryInstall,2014-07-30T19:19:43Z,False
myusa,2016-12-28T22:07:04Z,False
Digital_Coworking,2016-06-20T19:36:24Z,False
notalone,2016-09-19T12:21:05Z,False
bronto-api,2014-07-30T22:00:07Z,False
open-source-policy,2017-02-03T01:54:00Z,False
scratch,2014-06-19T17:30:43Z,False
github-in-government,2016-04-13T19:54:10Z,False
foia,2015-05-19T18:37:05Z,False
bronto,2014-07-30T19:21:58Z,False
codetalker,2014-08-15T12:18:05Z,False
dodsbir-scrape,2015-10-26T19:56:55Z,False
g-analytics,2016-10-05T20:20:02Z,False
fbopen-docs,2017-02-09T17:54:22Z,False
design,2017-01-25T16:37:31Z,False
cookbooks,2014-07-23T19:59:24Z,False
rectangle,2014-08-05T23:40:36Z,False
foia-design,2014-09-04T18:11:51Z,False
foia-hub,2016-02-15T18:48:01Z,False
foia-search,2014-08-13T04:26:25Z,False
javascript-lessons,2014-07-30T19:18:15Z,False
docker-es,2014-07-30T19:22:21Z,False
doi-extractives-data,2017-02-17T00:31:43Z,False
parse-shopping-list,2014-07-30T22:05:33Z,False
conway-game-of-life-js,2014-07-14T11:18:14Z,False
discovery,2017-02-08T18:38:20Z,False
FEC,2017-02-17T18:52:43Z,False
answers-ruby-client,2014-07-30T19:26:42Z,False
vagrant-chef-elasticsearch,2014-07-30T19:18:33Z,False
fbopen-python,2014-08-28T20:46:04Z,False
myra,2016-02-16T14:58:25Z,False
sqlalchemy-jsonapi,2014-07-31T16:58:11Z,False
GoT,2014-07-01T20:48:00Z,False
pyfpds,2015-03-13T20:58:02Z,False
fec-graph-search,2014-09-17T06:00:31Z,False
playbook,2014-08-13T18:50:35Z,False
openFEC,2017-02-17T16:08:44Z,False
https,2016-10-17T17:14:21Z,False
aaa-exp-proto1,2014-08-28T21:43:25Z,False
FAB,2014-08-25T15:59:39Z,False
dashboard,2016-02-26T23:42:23Z,False
consulting,2015-12-30T21:07:04Z,False
microsite-template-18f,2014-09-08T20:41:24Z,False
microsite-18f,2015-02-03T02:36:31Z,False
mock-pay,2014-09-25T19:04:47Z,False
18f-bot,2017-02-21T19:16:51Z,False
hackathontrainingday,2014-11-07T17:06:19Z,False
how-to-work-with-18f,2014-09-19T15:47:39Z,False
Sendak,2015-04-17T02:17:02Z,False
shipper,2015-01-06T20:14:09Z,False
gsa_auctions_gem,2014-09-29T17:33:10Z,False
frontend,2016-09-14T21:49:20Z,False
inclusive-design-guide,2014-10-01T16:13:17Z,False
open-opportunities-theme,2016-09-27T15:54:23Z,False
starter-ui,2014-10-07T21:44:42Z,False
bulk-storage,2015-04-06T22:07:05Z,False
cloud-cutter,2016-06-03T15:40:39Z,True
openFEC-web-app,2017-02-16T22:05:52Z,False
shipper-cookbook,2014-11-24T23:01:17Z,False
pif3-oct-apprentice,2014-10-21T20:51:16Z,False
pif3-oct-whibrary,2014-10-21T16:01:04Z,False
code-of-conduct,2016-07-25T22:51:42Z,False
mirage-cookbook,2015-09-16T11:40:17Z,False
peacecorps-placeholder-images,2015-02-03T17:23:35Z,False
up,2014-10-29T14:41:04Z,False
rdbms-subsetter,2017-02-07T02:59:38Z,False
hub-original,2014-12-09T14:22:33Z,True
sendak-usage,2015-02-05T20:00:59Z,False
analytics-proxy,2016-07-04T01:46:50Z,False
myusa-cookbook,2016-03-31T00:24:47Z,False
18fconsulting-proto-3,2014-11-18T21:38:42Z,False
api-playground,2014-11-19T17:22:05Z,False
calc,2017-02-21T18:45:47Z,False
email-to-github-issues,2014-11-24T00:59:31Z,False
data-public,2015-01-02T16:04:07Z,False
data-private,2016-03-30T14:36:43Z,True
ckanext-geodatagov,2015-03-09T18:38:57Z,False
ckanext-spatial,2015-02-25T22:00:32Z,False
ckanext-formats,2014-12-01T19:19:59Z,False
analytics-reporter,2017-02-11T16:17:33Z,False
domain-scan,2017-02-09T15:06:01Z,False
dol-ede-wireframes,2015-03-14T15:06:56Z,True
flakes-flask,2014-12-05T19:11:00Z,False
usps-proxy,2015-10-02T15:14:03Z,False
hub,2016-05-12T16:07:05Z,False
midas-cookbook,2015-08-05T21:06:05Z,False
ubuntu-lts,2014-10-22T22:41:58Z,False
hub-pages-private,2016-04-25T15:23:47Z,True
hourofcode,2017-02-14T22:22:11Z,False
data-validator,2014-12-16T15:08:50Z,False
hash-joiner,2015-02-19T18:56:01Z,False
sails-postgresql,2014-12-19T16:54:26Z,False
usps-api-notes,2015-01-07T17:40:34Z,False
django-elasticache,2014-12-30T16:27:52Z,False
analytics.usa.gov,2017-02-16T17:16:15Z,False
docker-fugacious,2015-09-16T17:45:24Z,False
weekly_snippets,2015-01-14T20:10:10Z,False
before-you-ship,2017-02-15T21:50:07Z,False
ckanext-datajson,2014-12-19T19:18:13Z,False
dashboards-on-demand,2015-03-04T17:11:51Z,False
team_hub,2015-03-26T14:35:42Z,False
test_temp_file_helper,2015-06-24T19:17:32Z,False
sendak-touch,2015-01-21T17:26:51Z,False
jekyll_pages_api,2016-08-28T21:09:58Z,False
openFEC-documentation,2015-02-09T23:27:25Z,False
automated-testing-playbook,2016-02-26T15:49:10Z,False
cg-site,2017-02-19T19:56:25Z,False
accessibility,2017-02-17T17:47:07Z,False
tock,2017-02-03T16:00:02Z,False
grouplet-playbook,2016-02-19T15:57:02Z,False
ficam-openid,2015-02-02T18:32:09Z,False
codereviews,2016-06-08T13:36:20Z,True
agile,2016-04-06T16:43:36Z,False
django-rest-swagger,2015-01-29T02:37:07Z,False
training,2015-02-05T23:25:15Z,False
guides,2017-01-18T22:56:09Z,False
api-program,2017-02-16T04:04:39Z,False
tourney,2015-02-08T09:50:58Z,False
cf-deploy,2015-02-09T21:34:25Z,False
data-inventory,2016-04-20T16:39:46Z,False
cg-manifests,2016-03-31T21:52:36Z,False
doc_processing_toolkit,2016-04-08T14:10:06Z,False
myths,2015-02-16T16:17:08Z,False
solrstrap,2015-03-02T19:15:57Z,False
testing-cookbook,2016-06-30T18:58:56Z,False
agile-labor-categories,2015-03-11T18:29:49Z,False
data-act-schemas,2015-05-04T15:55:51Z,False
hackathons,2015-04-14T18:47:11Z,False
quotable,2014-12-15T18:30:05Z,False
django-gzipping-cache,2015-02-22T02:22:32Z,False
project-monitor,2015-03-26T17:16:26Z,False
usds-hub,2015-02-21T20:55:38Z,False
myusa-ux,2015-08-11T22:02:40Z,False
protosketch-demo,2015-02-24T00:16:09Z,False
urlsize,2015-02-25T17:02:58Z,False
metascraper,2015-03-06T19:10:56Z,False
laptop,2017-02-21T15:06:17Z,False
cg-harden-boshrelease,2016-11-28T14:22:45Z,False
python-buildpack,2015-09-22T21:39:12Z,False
pulse,2017-02-18T08:18:19Z,False
ckanext-datesearch,2015-03-13T19:38:44Z,False
ideas,2015-03-05T08:29:43Z,False
scorecard,2015-03-09T17:56:00Z,False
d3-technical-debt,2015-03-22T02:59:24Z,False
cf-sinatra-ci,2015-03-11T21:18:09Z,False
financial-models,2015-03-22T02:58:51Z,False
sauceclient,2015-03-12T20:19:57Z,False
mapwarper_metadata,2015-03-12T21:18:07Z,False
oauth2_proxy,2015-09-24T13:48:04Z,False
abb,2015-03-16T19:04:07Z,False
data-act-sf133,2016-04-20T17:25:55Z,False
r2s,2015-07-31T17:36:04Z,False
continua11y,2016-10-07T16:05:08Z,False
cg-scripts,2017-02-17T21:22:42Z,False
jekyll-get,2016-01-07T13:38:16Z,False
cf-ssh,2016-06-18T03:24:04Z,False
fedspendingtransparency.github.io,2017-02-14T20:15:17Z,False
eiti-data,2015-04-13T23:42:23Z,False
data-act-workshop,2016-10-21T15:09:53Z,False
slides,2017-02-14T18:47:14Z,False
rds-service-broker,2015-04-01T06:00:02Z,False
myusa-coming-soon,2015-04-22T19:32:42Z,False
project-monitor-helper,2015-03-23T23:32:07Z,False
cli,2015-08-10T21:30:38Z,False
analytics-standards,2016-12-01T16:15:25Z,False
508-procurement-playbook,2015-04-01T21:28:58Z,False
sslmate-cookbook,2015-04-03T23:04:11Z,False
core-values,2015-10-07T20:56:03Z,False
cloud-foundry-client-js,2015-03-31T00:50:11Z,False
fees-and-labor-rates,2015-04-10T03:29:27Z,False
autoapi,2016-10-27T19:44:51Z,False
dol-whd-foh,2016-01-15T19:17:19Z,False
guides-template,2016-09-01T15:09:55Z,False
pa11y-reporter-ci,2015-04-15T17:03:46Z,False
node-sauce-template,2015-04-20T21:02:17Z,False
WMSViewer,2015-04-20T20:05:25Z,False
methods,2017-02-21T17:40:49Z,False
data-act-pilot,2016-03-04T20:11:02Z,False
pages,2016-03-18T18:10:41Z,False
slackin,2015-11-24T20:06:45Z,False
jekyll-search-server,2015-04-30T17:25:18Z,False
what-is-devops,2015-05-01T14:49:34Z,False
joining-18f,2017-01-14T00:16:38Z,False
procurement-glossary,2016-10-24T19:09:26Z,False
lean-product-design,2016-05-13T20:11:35Z,False
charmander,2015-05-06T18:09:44Z,False
polyfill-service,2015-05-06T18:07:33Z,False
docker-elasticsearch,2016-06-13T21:08:11Z,False
hubot-cf-notifications,2016-01-05T15:36:20Z,False
sbirez-prototype,2015-08-25T14:06:08Z,False
fec-alpha,2015-05-14T16:43:34Z,False
pa11y-dashboard,2015-01-17T18:37:03Z,False
gitter,2015-05-15T03:32:23Z,False
ekip,2015-07-08T05:32:22Z,False
cf-hello-worlds,2017-02-17T16:24:50Z,False
cg-quotas-db,2017-01-31T19:19:25Z,False
data-act-csv-export,2016-02-25T19:19:26Z,False
ekip-api,2016-12-19T21:29:28Z,False
record-locator,2015-06-02T20:38:26Z,False
billing-tools,2015-05-14T01:07:34Z,False
education-compliance-reports,2014-05-19T14:47:37Z,False
military-onesource-federalist,2015-05-22T16:58:39Z,False
citysdk-innov-district,2015-05-19T20:52:21Z,False
github-dashing,2015-10-29T15:58:58Z,False
web-design-standards,2017-02-16T21:14:16Z,False
angular-livesearch,2015-03-28T11:26:41Z,False
jekyll_pages_api_search,2016-03-11T22:01:28Z,False
collector,2015-04-28T14:55:57Z,False
cg-cf-release,2017-02-10T15:06:12Z,False
agile-solicitation-builder,2017-02-08T19:38:04Z,False
federalist,2017-02-16T17:35:10Z,False
jekyll-data-migrate,2015-05-29T20:54:53Z,False
ads-bpa,2017-02-16T01:55:23Z,False
django-pyodbc,2015-04-11T19:07:17Z,False
django-pyodbc-access,2013-01-18T17:47:19Z,False
swagger-ui,2016-11-18T20:30:20Z,False
data-act-usaspending,2015-06-23T13:52:22Z,False
cf-provision-user-space-plugin,2015-07-22T18:35:53Z,False
open-data-maker,2016-06-17T20:45:32Z,False
writing-lab,2016-10-25T17:23:28Z,True
myusa-rails-example,2015-06-18T15:57:56Z,False
wg-testing,2016-04-07T17:36:31Z,False
web-design-standards-assets,2016-07-15T19:31:56Z,False
devops-assessment,2015-10-01T19:31:36Z,False
iaa-gem,2015-08-28T15:22:14Z,False
hookshot,2014-09-16T22:03:17Z,False
design-principles-guide,2016-05-12T17:46:05Z,False
django-pgjson,2015-06-26T21:02:30Z,False
jekyll,2015-06-25T01:47:05Z,False
noaabigdata-code,2015-09-01T14:03:14Z,False
guard-rspec,2015-06-15T22:52:48Z,False
cg-cron,2016-03-09T18:18:19Z,False
json,2015-06-26T22:47:50Z,False
case-study-guide,2015-08-24T17:20:36Z,False
iaa-forms,2016-05-03T14:38:45Z,False
content-guide,2017-02-03T15:25:34Z,False
team-api.18f.gov,2016-10-11T16:05:40Z,True
voyage,2016-03-09T15:12:24Z,False
gittem-gitlab,2015-07-03T19:45:49Z,False
gittem-view,2015-07-07T02:01:12Z,False
cg-secureproxy-boshrelease,2017-02-16T20:39:30Z,False
bpa-data,2015-07-08T20:22:58Z,True
e-manifest,2016-04-26T13:26:36Z,False
CMS.gov-developer,2015-10-01T21:20:46Z,False
certificate-service,2015-07-10T18:43:54Z,False
site-data,2016-03-30T22:54:58Z,False
cg-dashboard,2017-02-16T01:46:05Z,False
Child-Labor,2015-07-15T20:00:39Z,True
edu-accessibility,2015-07-22T21:17:35Z,False
iaa-mvp,2015-09-04T18:55:24Z,False
cf-meteor-buildpack,2015-08-03T12:11:00Z,False
dev-environment,2016-01-05T15:06:13Z,False
data-act-pilot-prototype,2015-07-30T20:05:58Z,False
open-source-guide,2016-11-04T03:23:19Z,False
govconnect,2017-02-03T20:43:05Z,False
federalist-content-guide,2016-07-01T05:27:18Z,False
data-voyage,2015-07-31T19:38:59Z,False
idea-box,2015-03-25T21:59:32Z,False
jekyll_frontmatter_tests,2017-01-20T21:59:25Z,False
cf-blue-green,2016-08-16T03:36:44Z,False
iaa-mvp-buildpack,2015-08-06T14:40:10Z,False
EPA-JD,2016-10-13T15:14:47Z,True
fec-style,2017-02-16T21:29:14Z,False
iaa-pdf-api,2015-08-12T21:26:43Z,False
cg-landing,2016-11-22T22:39:13Z,False
pa11y-scan,2015-08-24T20:24:16Z,False
edu,2016-02-06T02:24:13Z,False
ruby-saml,2015-08-12T22:00:56Z,False
fec-cms,2017-02-17T16:00:52Z,False
guides-style,2017-01-06T20:56:28Z,False
wg-documentation,2015-10-11T13:05:00Z,False
wg-working-groups,2016-07-12T17:53:02Z,False
connect_vbms,2015-08-19T16:58:57Z,False
go_script,2016-03-01T20:11:55Z,False
pyHappyOrNot,2015-08-23T17:35:12Z,False
contracting-cookbook,2016-01-08T14:43:31Z,False
peek-delayed_job,2015-11-16T04:50:03Z,False
css-linter,2015-08-26T21:44:25Z,False
CMS-APIs,2015-08-26T22:55:51Z,False
bpa-dash,2015-08-28T15:48:10Z,False
intake,2016-05-24T21:25:16Z,False
fr-notices,2016-01-08T15:45:05Z,False
about_yml,2016-03-28T23:00:43Z,False
team_api,2016-03-15T18:44:24Z,False
elk-docker,2015-12-11T16:39:47Z,False
tech-talks,2017-02-21T18:40:02Z,False
usps,2015-09-01T14:19:58Z,False
epa-emanifest-data,2015-09-25T05:43:30Z,False
e-manifest-cromerr-client,2015-09-21T19:52:32Z,False
federalist-modern-team-template,2016-06-20T19:02:08Z,False
file-locked-operation,2016-02-03T03:09:57Z,False
atf-eregs,2017-01-11T20:36:12Z,False
cf-service-proxy,2016-06-25T17:26:51Z,False
osbu-forecast,2015-12-04T17:07:21Z,False
cf-events,2016-04-20T15:39:21Z,False
Accessibility_Reviews,2016-04-29T20:22:13Z,True
lambda_map_reduce,2015-09-10T22:19:13Z,False
development-guide,2017-01-26T15:41:14Z,False
qna,2015-09-12T20:34:27Z,False
pdf-forms-tutorial,2015-09-14T04:46:20Z,False
dolores-landingham-slack-bot,2017-02-21T17:05:11Z,False
risk-management-framework,2015-12-15T21:16:48Z,False
dol-form226-validator,2015-09-17T19:22:29Z,False
peacecorps-site,2016-01-28T22:08:04Z,False
peace-corps-infrastructure,2015-07-13T13:44:00Z,False
letgirlslearn,2015-08-27T16:40:31Z,False
cg-s3-proxy,2016-01-28T22:39:36Z,False
cf-gitaware,2016-04-20T15:39:45Z,False
linkify-citations,2015-10-10T20:11:39Z,False
forecast,2016-11-10T17:26:39Z,False
team-talent-issues,2016-07-07T15:46:46Z,True
cf-elk-proxy,2015-09-23T01:11:30Z,False
operations,2015-11-14T04:39:16Z,True
joining-18f-app,2015-10-01T15:07:27Z,False
offsite,2015-09-29T11:55:55Z,True
pages-server,2016-03-22T18:18:49Z,False
lumbergh,2015-09-24T20:42:12Z,False
fec-proxy,2017-01-25T16:30:12Z,False
github-webhook-validator,2015-11-18T20:28:48Z,False
3d-files,2016-06-20T19:34:47Z,False
feedback-widget,2016-04-12T18:17:20Z,False
oauth2_proxy_authentication_gem,2015-10-01T22:24:38Z,False
oauth2-proxy-authentication-npm,2015-10-02T00:49:54Z,False
hmac-authentication-npm,2015-10-13T17:03:10Z,False
hmac_authentication_gem,2015-10-08T14:58:18Z,False
hmacauth,2015-10-13T13:03:26Z,False
cg-metrics,2015-11-13T16:47:54Z,False
hmacproxy,2015-10-08T14:16:26Z,False
cg-uaa,2017-02-15T23:20:32Z,False
brand,2017-01-19T15:01:53Z,False
labor-viz,2015-11-23T23:54:27Z,False
hmac_authentication_py,2015-10-16T16:07:34Z,False
micropurchase,2017-02-02T17:51:45Z,False
SEC.gov-developer,2016-09-19T16:16:29Z,False
federalist-docker-build,2017-01-23T19:47:43Z,False
authdelegate,2015-10-13T02:05:30Z,False
handbook-private,2016-08-22T16:32:01Z,True
code-style-guide,2015-10-09T16:23:17Z,False
devops-workshop,2016-04-20T15:39:58Z,False
authentication,2015-11-02T14:27:06Z,False
compliancelib-python,2015-10-13T03:10:01Z,False
team-api-server,2016-06-03T14:20:27Z,False
prosemirror,2016-07-13T17:37:00Z,False
wg-agiledesign,2015-10-16T21:48:13Z,False
glossary,2017-01-18T00:36:59Z,False
micropurchase-temp,2015-10-21T15:23:31Z,False
partnership-playbook,2017-01-19T01:48:12Z,False
handbook-urls,2016-02-04T21:05:25Z,False
web-design-standards-drupal,2015-11-06T19:07:46Z,False
us_web_design_standards_gem,2016-08-05T22:25:25Z,False
cg-sandbox-bot,2017-02-17T16:34:38Z,False
federalist-builder,2017-02-14T16:54:53Z,False
confidential-survey,2016-04-06T00:57:27Z,False
sheet-to-csv,2015-10-27T11:24:58Z,False
infrastructure-modernization,2015-11-13T17:28:50Z,False
gapps-download,2015-10-27T11:20:45Z,False
frstack,2015-10-27T04:19:15Z,False
cg-compliance,2016-11-22T18:48:28Z,False
wg-api,2016-10-17T14:50:33Z,False
TSA-IT-Modernization-Project-Status,2016-02-04T21:06:11Z,True
cg-release,2015-10-19T21:52:35Z,False
onboarding-documents,2016-07-14T03:47:12Z,False
emoji_search,2016-02-09T03:31:56Z,False
digital-team-playbook,2016-06-09T21:25:42Z,False
death-star,2015-11-19T21:25:25Z,False
minion-nessus-plugin,2015-11-20T19:42:37Z,False
cg-stats-scripts,2016-09-21T15:04:32Z,False
discussions,2016-06-20T19:35:39Z,False
dev-environment-standardization,2016-06-17T13:33:27Z,False
g-content,2016-08-16T19:13:53Z,False
discover-our-work,2015-12-08T05:24:03Z,False
wg-diversity,2016-02-26T21:23:56Z,False
wg-dataservices,2017-02-02T19:37:02Z,False
angrytock,2016-04-06T15:49:13Z,False
cg-pipelines,2016-02-22T20:18:49Z,False
discourse,2016-01-26T13:33:43Z,False
compliance-toolkit,2016-06-23T13:35:49Z,False
minion-vm,2015-09-10T17:40:44Z,False
governance,2015-11-20T20:16:22Z,True
accordion,2017-01-17T17:06:55Z,False
docker-ruby-ubuntu,2016-10-29T00:45:01Z,False
about-yml-validator,2015-12-18T15:30:20Z,False
feedback.js,2016-04-12T19:58:33Z,False
zap-core-help,2015-11-26T14:21:08Z,False
github-issue-lifecycle,2015-12-29T16:41:40Z,False
how-to-deploy,2016-04-29T21:49:38Z,False
id_wireframe,2016-04-18T23:47:45Z,False
wg-volunteer,2015-12-04T23:58:31Z,False
cf-ex-wordpress,2016-06-28T18:27:15Z,False
identity-private,2017-02-16T18:26:19Z,True
proto-lei,2015-12-08T16:11:55Z,False
wordpress-heroku,2015-12-08T22:24:30Z,False
hubot-slack-github-issues,2017-02-02T02:15:59Z,False
unit-testing-node,2016-02-17T16:23:15Z,False
staytus,2015-12-02T12:13:32Z,False
fec-eregs,2016-12-02T00:39:32Z,False
cf-ex-drupal,2015-05-28T14:27:50Z,False
cf-go-cron,2016-03-09T20:29:19Z,False
Navy,2015-12-18T18:57:56Z,False
node-slack-client,2015-12-15T21:24:13Z,False
hubot-adapter-slack-bot,2016-01-03T15:00:04Z,False
checklistomania,2016-12-29T19:51:32Z,False
product-guide,2017-02-09T22:17:37Z,False
aws-broker,2017-02-16T15:31:01Z,False
federalist-docs,2017-02-10T17:44:56Z,False
openopps-docs,2015-12-22T19:44:40Z,False
samwise,2016-06-14T00:18:47Z,False
ca-child-welfare-solicitations,2015-12-29T22:46:26Z,False
concourse-compliance-testing,2017-01-24T19:08:46Z,False
objectives-and-key-results,2015-12-31T16:06:15Z,False
engineering-team-faq,2016-06-06T19:52:47Z,False
blogging-guide,2016-12-06T16:54:58Z,False
fpds-getter,2016-01-06T13:24:53Z,False
test-repo,2016-08-17T16:26:58Z,False
cg-style,2017-02-21T02:05:20Z,False
bosh-deployment-resource,2016-11-30T16:16:09Z,False
kibana-cf_authentication,2015-11-26T12:02:15Z,False
elasticsearch-rails-ha-gem,2016-04-22T14:16:39Z,False
logsearch-for-cloudfoundry,2016-07-29T19:11:31Z,False
private-eye,2016-03-31T21:01:55Z,False
evaluating-candidates-guide,2016-05-27T18:53:50Z,True
edu-measure-content,2016-01-25T22:07:06Z,False
federalist-design,2016-09-20T00:11:08Z,False
edu-voice-and-tone,2016-01-15T02:17:51Z,False
micropurchasedata,2016-02-26T10:11:42Z,False
pa11y-crawl,2016-09-27T02:19:34Z,False
wg-onboarding,2016-01-20T18:10:40Z,False
wg-identity,2016-01-20T18:41:43Z,False
security-group-test-app,2016-01-20T23:01:32Z,False
trello-card-velocity,2016-01-21T13:10:54Z,False
json-editor,2016-01-21T17:28:33Z,False
beta.18f.gov,2016-08-31T22:07:11Z,False
ffd-toolkit,2016-04-20T18:41:23Z,False
auctioneer,2016-07-08T18:43:59Z,False
contracting-cookbook-client,2016-01-23T20:09:19Z,False
18f-cli,2017-02-16T23:46:03Z,False
identity-idp,2017-02-21T16:52:48Z,False
DOC-Data-Services,2016-07-20T15:50:13Z,True
cf-abacus,2016-03-14T19:40:48Z,False
caddy-boshrelease,2016-02-07T04:12:07Z,False
micropurchase-api-docs,2016-07-08T19:27:03Z,False
about-yml-editor,2016-01-29T02:40:15Z,False
federalist-build-js,2016-02-05T00:35:48Z,False
notalone-backup,2016-01-28T19:52:44Z,False
c2-master-detail,2016-03-04T01:35:30Z,False
karass,2016-03-21T17:38:50Z,False
SinglePaged,2015-09-15T00:23:30Z,False
micropurchase-deck,2016-02-02T22:47:59Z,False
myuscis-style-guide,2016-02-02T14:03:02Z,True
node-1,2016-02-01T07:48:02Z,False
presidential-innovation-foundation.github.io,2015-12-28T22:42:04Z,False
fedramp-data,2017-02-21T05:51:09Z,False
staffing-and-resources,2016-12-19T20:59:23Z,True
compliance-docs,2017-02-01T18:29:01Z,False
lunr-server,2016-03-02T19:55:38Z,False
circle-wdio-federalist,2016-02-05T18:11:48Z,False
plain-language-tutorial,2016-02-05T03:45:31Z,False
internal-air-traffic-control,2016-04-29T19:28:42Z,False
trello-card-tracker,2017-01-31T12:41:30Z,False
analytics-reporter-example,2016-03-14T13:54:34Z,False
tsa-cloudformation,2016-02-08T22:39:06Z,True
cg-style-gem,2016-11-23T19:21:14Z,False
c2-redirect,2016-02-16T15:55:35Z,False
passport-google-oauth2,2016-02-04T01:11:08Z,False
fpki-testing,2016-02-11T08:02:05Z,False
slack-notification-resource-boshrelease,2016-02-09T20:21:17Z,False
cg-deploy-concourse-docker-image,2016-12-13T14:24:05Z,False
node-restify,2016-02-11T23:57:26Z,False
compliance-viewer,2017-01-24T18:49:23Z,False
cg-goshin,2016-02-12T18:51:37Z,False
cg-deploy-compliance-documentation,2016-11-22T17:56:03Z,False
epa-notice,2016-12-20T00:32:55Z,False
cg-pipeline-tasks,2017-02-03T16:53:30Z,False
ffd-microsite,2017-01-10T22:09:36Z,False
standup-slack-bot,2017-02-16T16:03:28Z,False
cg-deploy-monitoring,2017-02-15T14:56:52Z,False
cg-deploy-concourse,2017-02-01T20:38:58Z,False
npm-bootstrap,2016-02-18T18:18:32Z,False
cg-grafana-boshrelease,2016-06-08T22:45:00Z,False
cg-deploy-cf,2017-02-17T17:19:56Z,False
cg-influxdb-boshrelease,2016-08-10T14:20:10Z,False
team-browser,2017-01-20T17:05:02Z,False
cg-deploy-discourse,2016-12-06T01:01:59Z,False
products-platforms,2016-02-22T18:11:40Z,False
knowledge-sharing-toolkit,2016-03-05T00:07:57Z,False
eop-open-source-discovery,2016-03-17T17:55:41Z,True
cg-collectd-boshrelease,2017-01-26T18:26:48Z,False
mocha-casperjs,2016-02-11T20:14:15Z,False
travel-form,2016-04-20T15:15:20Z,False
deduplicate-tock-float,2016-04-20T15:15:33Z,False
pa11y-rails,2017-01-31T20:54:52Z,False
huginn,2016-02-24T20:29:00Z,False
elasticsearch-indexstager-gem,2016-02-25T19:52:04Z,False
cg-common-resource,2016-11-03T19:19:03Z,False
us-federal-holidays,2017-01-06T02:31:24Z,False
onena,2016-02-28T22:28:40Z,False
cg-deploy-logsearch,2017-02-14T22:44:40Z,False
videochat-mute-manager,2016-03-07T03:38:41Z,False
drmaas,2016-03-03T18:07:51Z,False
influxdb-firehose-nozzle,2016-06-10T23:55:25Z,False
influxdb-firehose-nozzle-release,2016-03-03T19:45:20Z,False
seal,2016-12-14T18:35:40Z,False
cg-postmortems,2016-09-25T20:04:21Z,False
coffeemate,2017-02-21T18:26:24Z,False
cg-s3-service-broker,2016-10-20T23:38:31Z,False
cg-riemann-boshrelease,2017-02-21T15:30:09Z,False
climate-labs,2016-09-30T17:07:40Z,False
joining-epa,2016-03-09T21:55:52Z,False
s3-resource-simple,2017-01-07T22:28:11Z,False
bpa-fedramp-dashboard,2016-07-08T18:54:07Z,False
concourse-http-api-resource,2016-03-10T19:17:56Z,False
staffing20,2016-03-16T20:55:02Z,True
cg-deploy-admin-ui,2017-01-10T23:55:48Z,False
pages-shell,2016-03-15T21:57:20Z,False
fec-cloud,2016-04-24T02:57:55Z,False
pulse-accessibility-data,2016-03-16T14:08:10Z,False
cg-deploy-influxdb-firehose-nozzle,2016-06-15T16:28:02Z,False
cg-deploy-bosh,2017-02-15T15:53:09Z,False
hub-v2,2016-05-11T19:52:48Z,False
heroku-buildpack-apt,2016-03-18T18:33:04Z,False
public-comments,2016-03-30T16:47:02Z,False
transformation-services,2016-06-20T18:35:58Z,False
writing-lab-guide,2017-01-13T16:56:46Z,False
NTIS-Data-Services-Project,2016-09-27T15:45:50Z,False
atc-trello,2016-05-06T15:46:16Z,False
meta,2016-12-13T16:56:11Z,False
concourse-http-resource,2016-03-23T23:56:24Z,False
cg-nessus-agent-boshrelease,2017-01-23T16:04:36Z,False
va-cloud-migration,2016-06-16T21:16:09Z,True
pdfhook,2016-03-24T04:31:07Z,False
irl,2016-04-28T20:16:47Z,True
hubot-scripts-us-federal-holiday,2016-05-18T21:11:43Z,False
pa11y-reporter-full-json,2016-03-30T21:34:00Z,False
htsql-docker,2016-08-09T05:13:39Z,False
irl-notes,2016-12-09T00:15:33Z,True
14c-prototype,2016-04-01T20:47:26Z,False
gh-traffic,2016-04-02T00:58:40Z,False
transformation-internal,2016-05-24T22:04:52Z,True
sandman2,2015-04-17T14:20:55Z,False
ogp-payroll,2016-05-26T19:41:46Z,False
ogp-payroll-server,2016-09-21T16:02:55Z,False
cg-product,2017-02-15T22:42:43Z,False
18f-checkup,2016-04-17T22:41:51Z,True
trello_utilization,2016-04-09T20:45:48Z,True
pa11y-docker,2016-04-11T15:53:01Z,False
ntis-gov,2016-09-30T14:49:58Z,False
c2-api-client-ruby,2016-04-13T17:06:32Z,False
chat,2016-07-20T19:30:58Z,False
cg-application-ssp-example,2016-07-18T17:22:16Z,False
rugged-devops,2016-05-13T18:31:10Z,False
strategy,2017-02-06T14:50:27Z,False
acq-templates,2017-01-30T15:33:59Z,False
cap-api-docker,2016-04-13T19:06:53Z,False
GSA-Certifications,2016-04-13T19:47:30Z,False
cg-atlas,2016-05-10T23:02:57Z,False
trello-webhook-server,2016-05-18T12:30:51Z,False
wds-ia-summit-presentation,2016-05-03T00:31:48Z,False
chandika,2017-01-19T23:37:34Z,False
django-pg-fts,2016-04-19T15:35:07Z,False
identity-idv,2016-05-02T16:35:16Z,False
legalese,2016-07-23T20:56:16Z,False
cfpb-eprocurement,2016-08-05T20:31:23Z,False
cg-ossec-boshrelease,2016-04-28T21:17:04Z,False
template-form,2016-12-30T22:24:37Z,False
cf-env-parser-buildpack,2016-05-28T13:51:45Z,False
identity-sp-sinatra,2016-12-05T19:25:36Z,False
microviz,2016-04-27T00:26:43Z,False
bayeshack-interior,2016-04-23T22:43:02Z,False
vote-gov,2017-01-05T19:08:14Z,False
frontend-slides,2016-05-03T06:40:48Z,False
retext-18f,2016-07-06T23:38:09Z,False
cg-tripwire-boshrelease,2016-09-26T17:18:00Z,False
golang_workshop_irl_2016,2016-05-04T18:54:56Z,False
e-manifest-spring,2016-06-08T14:39:33Z,False
openopps-design,2016-05-12T16:27:24Z,False
cg-deck-docker-images,2016-05-18T18:22:31Z,False
cg-uaa-release,2016-05-05T14:33:26Z,False
bug-bounty,2017-01-24T15:49:57Z,False
cg-uaa-extras,2017-02-16T04:51:26Z,False
acq-trello-listener,2016-06-08T18:57:47Z,False
projects,2016-06-10T18:32:47Z,False
cg-provision,2017-02-17T19:28:18Z,False
identity-dashboard,2017-02-14T21:15:40Z,False
transformation-research,2016-11-02T17:04:46Z,False
humans-of-18f,2016-05-20T15:17:22Z,False
cg-agent-q,2016-05-10T23:46:51Z,False
cg-encrypt-blobstore-boshrelease,2016-09-12T13:02:51Z,False
Login.gov-developer-documentation,2014-08-22T18:39:22Z,False
innovation-toolkit-demo,2016-05-12T21:50:46Z,False
cf-cdn-service-broker,2017-02-15T14:53:48Z,False
onepage-opensource,2016-05-23T13:32:10Z,False
runPa11yScans,2016-05-13T12:07:22Z,False
identity-dev-docs,2017-02-21T16:23:27Z,False
cg-design,2016-11-17T22:27:06Z,False
raktabija,2017-01-11T00:56:39Z,False
cg-bootstrap-concourse-ami,2016-11-17T14:02:59Z,False
svg4everybody,2016-11-10T23:14:53Z,False
stylelint-rules,2016-08-24T17:05:34Z,False
web-design-standards-ux,2016-06-24T19:12:56Z,False
pa11y-lambda,2016-05-20T17:30:13Z,False
cg-awslogs-boshrelease,2016-12-06T20:19:24Z,False
vote-gov-ux,2016-06-15T18:29:55Z,False
openopps-platform,2016-08-19T14:55:54Z,False
pa11y-lambda-cluster,2016-05-23T13:36:37Z,False
botkit,2016-05-18T21:35:53Z,False
project-planner,2016-08-09T06:15:21Z,False
dotgov-list-node,2016-05-23T12:32:36Z,False
wg-security,2016-05-23T21:07:56Z,False
18f-reveal.js-theme,2016-05-24T21:33:44Z,False
concourse-pipeline-resource,2016-05-27T21:07:04Z,False
cg-deploy-bots,2016-08-30T20:37:01Z,False
acqstackdb,2016-07-26T23:23:41Z,False
security-incidents,2016-09-30T17:37:48Z,True
identity-devops,2017-02-21T16:48:50Z,True
cg-deploy-docker-swarm,2016-08-10T20:32:28Z,False
metrics,2016-06-23T21:02:59Z,True
request-circuit,2016-06-03T14:57:54Z,False
identity-sp-rails,2017-01-27T19:52:47Z,False
admin-ui-boshrelease,2016-05-18T07:10:06Z,False
html-proofer-docker,2016-06-04T19:32:45Z,False
sslyze-docker,2016-06-04T06:51:16Z,False
phantomas-docker,2016-06-04T19:16:07Z,False
site-inspector-docker,2016-06-04T22:55:04Z,False
cg-clamav-boshrelease,2016-11-15T16:38:07Z,False
security-disclosures,2016-06-07T15:12:39Z,False
cg-nessus-manager-boshrelease,2017-01-12T23:11:45Z,False
identity-proofer-gem,2017-02-14T19:34:39Z,False
cg-deploy-nessus-manager,2017-01-11T22:13:15Z,False
cg-riemannc-boshrelease,2016-11-17T16:22:40Z,False
firehose-to-syslog,2016-06-07T16:58:21Z,False
digitalaccelerator,2016-10-13T13:58:36Z,False
cg-newrelic-boshrelease,2016-09-12T13:03:17Z,False
fedramp-dashboard,2017-02-13T16:20:47Z,False
eregs-platform,2016-07-06T22:28:38Z,False
ED-API-Program,2017-02-15T21:25:57Z,False
state-faq,2016-11-22T22:30:49Z,False
s3-encryptor,2016-06-24T01:36:50Z,False
acquisitions,2016-06-21T00:59:16Z,False
cg-snort-boshrelease,2017-01-25T01:44:44Z,False
bpa-DOL-WHD-14-c,2016-12-28T15:38:33Z,False
fec-transition,2016-06-23T22:43:49Z,False
acq-templates-from-trello,2016-06-23T22:42:01Z,False
fec-shipper,2016-07-14T14:27:03Z,False
reheader,2016-06-29T18:31:58Z,False
cookiecutter-pypackage,2016-09-13T19:32:25Z,False
trello_utils,2016-08-19T21:44:25Z,False
identity-sp-python,2016-07-15T21:15:32Z,False
talent-reporting-product,2016-06-28T23:39:03Z,False
digital-acquisition-playbook,2017-01-13T02:41:26Z,False
tock-blocks,2016-07-01T21:53:53Z,False
clone_army,2016-07-02T18:31:44Z,False
cg-deploy-diego,2017-01-24T22:04:33Z,False
dns,2017-02-21T19:44:02Z,False
react-redux-event-demo,2017-02-11T15:33:53Z,False
bpa-identity-management,2016-07-28T22:45:01Z,False
paper-rhino,2016-07-12T21:34:10Z,False
cg-fake-uaa,2016-09-21T00:45:47Z,False
cf-app-events-logger,2016-07-13T19:44:42Z,False
django-admin508,2016-07-19T18:42:07Z,False
gov-repo-langs,2016-07-22T14:03:21Z,False
hhs-acf-uc-api,2016-11-02T19:43:12Z,False
hhs-acf-uc-dashboard,2016-11-02T22:51:36Z,False
cookiecutter-django,2016-09-13T21:46:01Z,False
allregs,2016-07-25T16:18:47Z,False
18f-education-discovery,2016-09-08T16:50:13Z,False
handbook-private2,2016-08-03T20:43:10Z,True
cf-example-suitecrm,2016-07-26T22:37:45Z,False
rdbms_anonymizer,2016-07-25T15:44:41Z,False
strategy-internal,2017-02-21T14:05:30Z,True
identity-sp-java,2017-01-02T03:33:49Z,False
web-design-standards-docs,2017-02-21T19:49:27Z,False
quick-stats,2016-07-27T16:09:22Z,False
marigold,2017-02-13T23:21:21Z,False
OPM-transformation,2016-08-22T16:37:57Z,True
bpa-opm-eqip,2016-09-15T15:22:45Z,False
markov_bot,2016-11-07T18:39:30Z,False
dynamoed,2016-08-03T16:55:29Z,False
riemann-firehose-nozzle,2016-10-26T04:08:45Z,False
handbook-private3,2016-09-30T18:41:41Z,True
uswds-rails-gem,2016-09-22T02:05:24Z,False
cg-deploy-riemann-firehose-nozzle,2016-10-31T18:11:30Z,False
kubernetes-release,2016-12-27T21:44:59Z,False
bosh-log-forwarder-boshrelease,2016-08-08T21:11:03Z,False
felt-sass,2016-08-24T17:20:35Z,False
felt-recipe-18F,2016-08-25T16:32:53Z,False
DCOI-recommendations,2016-09-12T18:27:18Z,False
cg-deploy-kubernetes,2017-02-16T02:49:58Z,False
share,2016-09-13T16:31:08Z,False
kubernetes-broker,2017-02-21T16:17:41Z,False
identity-intro,2017-01-25T17:45:34Z,False
saml_idp,2017-02-13T21:34:46Z,False
workshops-lab,2016-09-20T15:05:39Z,False
Design-Wiki,2017-02-15T20:08:30Z,True
federalist-landing-page-template,2017-02-02T17:17:15Z,False
wg-legacy-systems,None,False
kube2consul,2016-08-29T03:52:51Z,False
cg-migration-bot,2016-09-21T18:17:24Z,False
generator-18F-static,2016-10-28T16:10:53Z,False
fec-epics,2016-08-27T16:03:22Z,False
omniauth-cg,2016-10-28T13:44:07Z,False
identity-playbook,2016-12-05T13:52:57Z,False
shibboleth-boshrelease,2017-02-10T17:20:38Z,False
azure-sandbox,2017-01-26T14:57:27Z,False
apd-demo,2016-09-09T21:23:41Z,False
crime-data-api,2017-02-21T15:18:36Z,False
cg-diagrams,2017-01-27T23:51:55Z,False
fec-efiling,2017-02-17T20:15:22Z,False
cg-sast-docker-image,2016-09-19T22:19:07Z,False
forest-service-prototype,2016-12-23T21:24:58Z,False
dol-whd-14c,2016-12-14T13:29:56Z,False
guides-router,2016-10-03T20:40:30Z,False
census-similarity,2016-10-16T18:12:09Z,False
cg-deploy-aws-light-stemcell-builder,2017-01-24T17:11:46Z,False
Modular-Contracting-And-Agile-Development,2016-12-06T20:31:21Z,False
devise-encryptable,2015-11-01T21:50:06Z,False
handbook,2017-02-16T22:07:20Z,False
coming-attractions,2016-11-10T20:57:17Z,False
ffd-info-exchange,2016-12-28T18:58:20Z,False
politespace,2016-09-26T20:25:54Z,False
identity-deed,2016-10-26T18:25:08Z,False
fec-testing,2017-02-14T20:54:42Z,False
ci,2016-09-20T13:17:20Z,False
identity-usability-testing,2016-11-02T20:47:41Z,False
continua11y-dashboard,2016-11-02T15:27:22Z,False
design-projects,2016-12-29T21:06:31Z,True
cg-deploy-shibboleth,2017-01-11T22:14:53Z,False
epa-notice-landing,2016-10-14T14:44:52Z,False
jekyll-archives,2016-11-09T21:55:02Z,False
pycel,2016-10-18T14:55:07Z,False
informed-consent-form,2016-10-14T19:08:33Z,False
cg-deploy-abacus,2016-12-14T05:19:41Z,False
node-continua11y-acceptance,2016-10-24T23:07:35Z,False
influxdb-monitor,2016-10-24T18:19:40Z,False
DOI-Digital-Services-PIA-UX,2016-11-02T13:56:01Z,False
node-continua11y-ci-reporter,2016-10-24T15:04:06Z,False
cg-logstash-output-s3-backport-release,2016-10-22T02:49:00Z,False
Shibboleth-IdP3-TOTP-Auth,2016-11-02T14:25:23Z,False
cron-boshrelease,2016-10-26T16:19:06Z,False
cf-buildpack-db-export,2016-11-17T23:37:02Z,False
cg-migrate-db,2017-02-13T22:27:04Z,False
identity-style-guide,2016-10-31T15:12:35Z,False
vulnerability-disclosure-policy,2017-02-03T00:42:30Z,False
fec-pattern-library,2017-02-02T00:14:23Z,False
tock-management-reports,2016-11-11T16:11:21Z,False
cg-migration,2016-11-29T20:14:58Z,True
tock-task-timer-script,2016-11-03T21:21:58Z,False
acquisitions.18f.gov,2017-02-10T17:12:36Z,False
windows_stig_cookbook,2016-11-01T15:15:21Z,False
pdf_parser,2016-11-03T11:28:40Z,False
cg-deploy-fugacious,2017-01-26T20:40:34Z,False
stickyfill,2016-11-23T23:27:53Z,False
research,2016-11-02T16:37:46Z,False
node-continua11y-reports,2016-11-07T14:51:00Z,False
node-continua11y-sitemapper,2016-11-03T18:19:05Z,False
s3-resource,2016-11-03T20:38:58Z,False
18franklin,2017-02-08T06:21:34Z,False
zap-analyzer,2016-11-08T19:57:57Z,False
the-reckoning,2016-12-01T16:24:38Z,False
accessibility-practice-site,2016-11-15T21:26:14Z,False
far-cry,2016-11-08T19:51:39Z,False
identity-monitor,2016-11-22T06:43:10Z,False
ie11_stig_dsc,2016-11-16T17:56:27Z,False
micropurchase-auctions,2016-12-05T18:42:06Z,False
e-QIP-prototype,2017-02-18T02:19:13Z,False
generator-uswds,2016-11-17T00:10:23Z,False
cf-redirect,2016-11-15T20:49:10Z,False
calc-analysis,2016-12-20T19:58:21Z,False
skills_share,2016-11-16T15:49:58Z,False
ops-improvements,None,False
Paid-Leave-Prototype,2017-01-26T15:58:55Z,False
notifications,2016-08-09T18:53:29Z,False
cg-deploy-notifications,2016-11-17T05:05:28Z,False
identity-pii-management,2016-12-05T17:55:01Z,False
postgres,2016-11-23T18:45:55Z,False
uswds-jekyll,2016-11-15T15:44:46Z,False
git-seekret,2017-01-24T19:33:56Z,False
cloud-native-aws-terraform-workshop,2016-12-15T05:59:22Z,False
far-clauses-tool,2016-11-30T23:13:38Z,False
federal-apis,2016-12-01T20:43:05Z,False
test-docsite,2016-12-02T20:16:46Z,False
visual-design,2016-12-15T19:06:44Z,False
cf-route-lookup,2017-01-10T17:14:41Z,False
identity-analysis-sandbox,2016-12-05T15:41:59Z,False
crime-data-explorer,2017-02-21T18:02:25Z,False
crime-data-style,2016-12-06T16:58:18Z,False
DHS-transformation,None,True
pa11y-crawl-docker,2016-12-09T15:03:36Z,False
seekret,2016-12-09T20:15:26Z,False
tts-engage,2017-01-24T17:14:37Z,False
acqstack-journeymap,2017-01-06T21:32:57Z,False
nsf-sbir-sprint,2016-12-19T15:26:20Z,False
cg-deploy-s3-broker,2017-02-16T01:42:59Z,False
forest-service-permit-api-schemas,2017-02-16T20:05:58Z,False
federalist-redirects,2017-01-15T17:49:33Z,False
bpa-fs-epermit-api,2016-12-27T18:15:00Z,False
micropurchase-skills,2016-12-27T15:41:43Z,False
united,2017-02-10T18:40:49Z,False
wait-for-it,2016-12-23T13:05:39Z,False
cg-deploy-rds-broker,2016-12-26T22:50:47Z,False
innovation-toolkit-prototype,2017-02-13T17:52:00Z,False
cf-service-connect,2017-01-15T22:51:57Z,False
nsf-sbir-02,2017-01-06T15:36:05Z,False
concourse-broker,2017-01-12T15:32:51Z,False
omb-eregs,2017-02-21T17:53:39Z,False
identity-openidconnect-ios-client,2017-02-06T16:15:41Z,False
Level-Up,2017-01-27T17:36:46Z,False
nsf-sbir-03,2017-01-17T03:21:17Z,False
SkillShare,2017-01-14T02:15:14Z,False
holden,2017-01-18T17:18:51Z,True
slack-github-issues,2017-01-25T18:49:42Z,False
collaborators,2017-01-19T20:36:08Z,True
cf-limit-check,2017-02-01T15:38:10Z,False
tts-buy-bug-bounty,2017-02-17T16:41:06Z,False
atul-docker-presentation,2017-01-23T20:51:29Z,False
tts-homepage,2016-06-20T19:02:08Z,False
federalist-proxy,2017-02-03T16:33:02Z,False
cg-django-uaa,2017-02-03T06:35:13Z,False
ethics,2017-01-27T02:39:41Z,True
bpa-fs-epermit-intake,2017-02-16T14:25:19Z,False
cg-deploy-uaa-guard-broker,2017-02-06T16:30:12Z,False
accessibility-playbook,2017-02-17T20:15:42Z,False
unified-analytics-dashboard,2017-02-03T16:37:55Z,False
cf-list-services-in-org,2017-02-03T19:29:52Z,False
third-party-services,2017-02-06T04:25:00Z,False
cg-sandbox,2017-02-08T17:58:12Z,False
bpa-disaster-data-portal-pilot,2017-02-16T16:58:37Z,False
call-me-maybe,2017-02-09T20:39:28Z,False
bpa-DOS-TalentMAP,2017-02-12T02:15:36Z,False
fs-middlelayer-api,2017-02-10T22:16:07Z,False
fec-infrastructure,2017-02-13T19:53:22Z,False
omb-eregs-prototypes,2017-02-17T16:17:57Z,False
marketing-materials,2017-02-15T21:55:02Z,True
